{
    "\n": 0.006035864240765128,
    "\n\r": 4.482869993141209e-06,
    "\r": 4.269399993467818e-07,
    "\r\n": 0.02815669295692026,
    " ": 0.020962113557927965,
    " a": 0.006356923120273908,
    " b": 0.00215049677670974,
    " c": 0.007993597607769796,
    " d": 0.014630593367615193,
    " e": 0.007415307378654579,
    " f": 0.003602733184487818,
    " i": 0.0022644897565353306,
    " j": 0.002136407756731296,
    " l": 0.011919524371763128,
    " m": 0.005831786921077366,
    " n": 0.003951116223954792,
    " o": 0.0016385957174929486,
    " p": 0.009747253655086703,
    " q": 0.005696446941284436,
    " r": 0.0032532827950224772,
    " s": 0.008705733526680227,
    " t": 0.0041507106736494125,
    " u": 0.0020924329367985775,
    " v": 0.0038830192940589804,
    " à": 0.0024374004562707774,
    "!": 0.002247625626561133,
    "#": 2.134699996733909e-07,
    "$": 8.538799986935636e-07,
    "%": 1.0673499983669544e-06,
    "'": 0.00431294787340119,
    "'a": 0.0033559618648653783,
    "'e": 0.003094674585265148,
    "'i": 0.0013049421080034386,
    "(": 0.00019596545970017285,
    ")": 0.00019617892969984625,
    "*": 0.00024122109963093172,
    ",": 0.001601665407549452,
    ", ": 0.016770416644341264,
    "-": 0.009092541166088411,
    ".": 0.007790160698081054,
    ". ": 0.007341446758767587,
    "/": 5.977159990854945e-06,
    "0": 9.776925985041303e-05,
    "1": 0.00029031919955581164,
    "2": 9.563455985367912e-05,
    "3": 7.343367988764647e-05,
    "4": 6.489487990071084e-05,
    "5": 6.745651989679152e-05,
    "6": 7.322020988797308e-05,
    "7": 6.0838949906916407e-05,
    "8": 9.157862985988469e-05,
    "9": 6.553528989973101e-05,
    ":": 0.0016691219274462435,
    ";": 0.00024997336961754074,
    "; ": 0.002495037356182593,
    "?": 0.0015019749177019783,
    "A": 0.002342406306416118,
    "B": 0.0010353294984159459,
    "C": 0.0028133211256956185,
    "D": 0.0014276873578156384,
    "E": 0.0028257023856766753,
    "F": 0.0005272708991932755,
    "G": 0.0006425446990169066,
    "H": 0.000483296079260557,
    "I": 0.00233557526642657,
    "J": 0.0015310068376575595,
    "K": 4.93115699245533e-05,
    "L": 0.0026989012058706813,
    "M": 0.002740954795806339,
    "N": 0.0012167789981383282,
    "O": 0.0011907356581781743,
    "P": 0.001817910517218597,
    "Q": 0.0007104281589130449,
    "R": 0.0013642867679126412,
    "S": 0.0016648525274527756,
    "T": 0.00108720270833658,
    "U": 0.0007027432389248028,
    "V": 0.001078023498350624,
    "W": 5.059238992259364e-05,
    "X": 0.00024207497962962528,
    "Y": 5.251361991965416e-05,
    "Z": 0.00012509341980860707,
    "[": 0.00013747467978966375,
    "]": 0.00013747467978966375,
    "_": 0.0018460885571754844,
    "a": 0.011157649942928796,
    "a ": 0.006189989580529316,
    "ai": 0.011327358592669142,
    "an": 0.00806062718766724,
    "ar": 0.004756965472721843,
    "as": 0.002726652305828222,
    "at": 0.0023167899064553115,
    "au": 0.004917067972476886,
    "av": 0.002151564126708107,
    "b": 0.006186787530534215,
    "bl": 0.0024040991363217285,
    "c": 0.009062868836133811,
    "ca": 0.0015292990776601724,
    "ce": 0.006013236420799748,
    "ch": 0.004122319163692852,
    "co": 0.005186467112064705,
    "d": 0.008633794136790295,
    "da": 0.002137475106729663,
    "de": 0.011318179382683185,
    "di": 0.0028839796955875113,
    "dé": 0.0013999362578580976,
    "e": 0.008566551086893177,
    "e\r": 0.002595795196028433,
    "e ": 0.029702642694554957,
    "e,": 0.0031091905452429384,
    "ec": 0.0011535918782350045,
    "el": 0.003604227474485532,
    "em": 0.002992635925421267,
    "en": 0.010774684763514732,
    "er": 0.006593447879912025,
    "es": 0.012109512671472446,
    "et": 0.006001922510817059,
    "eu": 0.0047695602027025726,
    "f": 0.007451597278599056,
    "fa": 0.0022104818466179626,
    "g": 0.01132159490267796,
    "h": 0.004951009702424955,
    "ho": 0.0015457362676350235,
    "i": 0.00923471218587089,
    "i ": 0.004397055053272506,
    "id": 0.0008081974187634579,
    "ie": 0.006654500299818614,
    "il": 0.006128937160622726,
    "in": 0.005910557350956847,
    "io": 0.0016590888374615942,
    "ir": 0.0034390016947383273,
    "is": 0.006442951530142284,
    "it": 0.006530901170007721,
    "j": 0.0022183802366058784,
    "je": 0.002058277736850835,
    "k": 0.00020493119968645527,
    "l": 0.006096916660671718,
    "l ": 0.0032426092950388077,
    "l'": 0.002032020926891008,
    "la": 0.006470062220100805,
    "le": 0.012611167170704915,
    "li": 0.002030526636893294,
    "ll": 0.003413171824777847,
    "lu": 0.002310599276464783,
    "m": 0.0073973758986820145,
    "ma": 0.004058491633790508,
    "me": 0.007717153958192754,
    "mm": 0.0019141854870712962,
    "mo": 0.003008005765397751,
    "n": 0.008399404077148911,
    "n ": 0.007442418068613101,
    "nc": 0.0019643509369945433,
    "nd": 0.0029044728155561564,
    "ne": 0.0060002147508196714,
    "ni": 0.0013290642179665318,
    "nn": 0.0011202905582859554,
    "no": 0.002249546856558193,
    "ns": 0.004449782143191834,
    "nt": 0.00903447732617725,
    "o": 0.005906074480963706,
    "oi": 0.004670510122854119,
    "om": 0.0021229591467518726,
    "on": 0.011183266342889603,
    "or": 0.0034989867646465504,
    "os": 0.0013854202978803068,
    "ou": 0.01024698692432211,
    "p": 0.006366742740258884,
    "pa": 0.004986872662370085,
    "pe": 0.003094034175266128,
    "pl": 0.00236140513638705,
    "po": 0.003925499823993985,
    "pr": 0.003987833063898615,
    "q": 9.86231398491066e-05,
    "qu": 0.010904474523316153,
    "r": 0.008312521787281842,
    "r ": 0.006506779060044628,
    "ra": 0.005824528941088471,
    "re": 0.012011956881621705,
    "ri": 0.0041462278036562715,
    "ro": 0.0032976845549545428,
    "rs": 0.0018800302871235536,
    "rt": 0.002106308486777348,
    "ré": 0.0017769242772813058,
    "s": 0.00625317670043264,
    "s\r": 0.0019357459570383086,
    "s ": 0.021435803487203222,
    "s,": 0.0032494403350283563,
    "sa": 0.0028690367956103737,
    "se": 0.005825382821087164,
    "si": 0.0029911416354235533,
    "so": 0.0033435806048843215,
    "ss": 0.0030686312453049942,
    "st": 0.003402925264793524,
    "su": 0.0017720144672888178,
    "t": 0.007763903888121227,
    "t\r": 0.0015043230876983858,
    "t ": 0.017789095482782683,
    "ta": 0.0023833925463534094,
    "te": 0.008235459117399747,
    "ti": 0.0036614374343980007,
    "to": 0.002612445856002958,
    "tr": 0.005337176931834119,
    "té": 0.0015412533976418823,
    "u": 0.009663146475215385,
    "u ": 0.004329171593376368,
    "u'": 0.0012056785581553119,
    "ue": 0.004743303392742746,
    "ui": 0.004634433692909316,
    "un": 0.004776177772692448,
    "ur": 0.006958481579353523,
    "us": 0.00613299309061652,
    "ut": 0.003680863204368279,
    "uv": 0.0011907356581781743,
    "v": 0.006741596059685358,
    "ve": 0.003704771844331699,
    "vo": 0.0033465691848797493,
    "w": 0.0002557370596087223,
    "x": 0.005203544712038577,
    "y": 0.004582987422988029,
    "z": 0.0026508704559441683,
    "«": 0.0007838618388006914,
    "°": 2.3481699964073e-06,
    "º": 4.909809992487991e-06,
    "»": 0.0006856656389509316,
    "À": 6.190629990528336e-06,
    "Â": 1.2808199980403454e-06,
    "Ç": 2.3481699964073e-05,
    "È": 4.8884629925206515e-05,
    "É": 0.00024954642961819395,
    "Ê": 1.2381259981056672e-05,
    "Î": 2.3481699964073e-06,
    "à": 0.0006502296190051487,
    "à ": 0.003465045034698481,
    "â": 0.0008622053286808258,
    "ç": 0.0008846196786465319,
    "è": 0.003796350474191584,
    "é": 0.00908229460610409,
    "é ": 0.00236204554638607,
    "ée": 0.0018334938271947544,
    "ét": 0.0030278584753673766,
    "ê": 0.002709788175854024,
    "ë": 7.108550989123916e-05,
    "î": 0.0006839578789535444,
    "ï": 0.00012957628980174828,
    "ô": 0.0006308038490348701,
    "ù": 0.0006574875989940439,
    "û": 0.0005573701691472236,
    "—": 0.00019361728970376555,
    "‘": 8.538799986935636e-07,